SubNumber,Race,B1Lshow,B1Ltime,B1Ttries,B1Tshow,B1Tresp,B1Ttime,B2Lshow,B2Ltime,B2Ttries,B2Tshow,B2Tresp,B2Ttime,B3Lshow,B3Ltime,B3Ttries,B3Tshow,B3Tresp,B3Ttime,B4Lshow,B4Ltime,B4Ttries,B4Tshow,B4Tresp,B4Ttime,Completion
2001,Black,1_2,7534,2,2_1|1_2,2_3|1_2,9136,5_1_2,4376,4,2_1_5|2_1_5|5_1_2|2_5_1,2_3_5|1_1_5|2_2_2|2_5_1,29466,5_1_4_2,4481,5,4_2_5_1|1_4_2_5|4_2_5_1|4_5_2_1|4_5_2_1,2_2_5_1|2_2_3_5|2_2_5_4|1_5_1_2|4_5_2_1,45050,1_5_3_2_4,4325,2,5_3_4_2_1|3_4_2_1_5,5_3_1_2_4|3_4_2_1_5,16995,normal
2004,Black,4_1,3850,1,4_1,4_1,3536,1_3_4,8075,3,1_4_3|3_4_1|4_1_3,4_4_3|3_1_3|4_1_3,23867,5_3_4_1,7175,6,4_3_1_5|3_1_5_4|4_3_5_1|3_1_5_4|4_5_3_1|4_3_5_1,3_1_3_3|1_1_5_4|4_5_5_1|5_5_5_4|4_5_1_1|4_3_5_1,58853,3_5_2_1_4,10578,4,1_3_5_4_2|4_1_3_5_2|1_4_3_2_5|1_5_4_2_3,2_3_5_4_2|1_3_3_5_2|4_4_3_2_5|1_5_4_2_3,29231,normal
2010,Asian,2_3,4542,1,3_2,3_2,3411,2_5_3,3711,2,3_2_5|2_5_3,3_5_5|2_5_3,23913,3_5_2_1,4217,1,5_2_1_3,5_2_1_3,19093,3_1_2_5_4,4080,16,2_1_3_5_4|3_4_2_1_5|3_1_2_4_5|1_4_3_2_5|4_1_2_3_5|1_2_4_3_5|5_4_3_1_2|4_1_5_2_3|1_5_2_4_3|3_1_5_4_2|3_2_1_5_4|3_5_4_1_2|1_3_5_4_2|1_3_4_2_5|1_4_5_3_2|1_4_3_5_2,3_3_2_5_4|2_2_2_1_3|3_4_4_5_5|3_4_3_2_5|3_3_3_3_5|3_3_3_4_5|5_2_2_2_2|1_1_2_2_3|1_5_4_4_3|3_4_5_4_2|3_1_1_5_4|3_5_4_2_2|2_2_5_4_2|3_3_2_2_5|1_3_5_3_2|1_4_3_5_2,273122,Incomplete
2013,Asian,4_1,5549,3,1_4|1_4|4_1,4_4|4_4|4_1,16473,1_4_5,3141,1,1_4_5,1_4_5,2899,2_5_4_1,6030,2,5_4_2_1|4_2_5_1,2_2_2_5|4_2_5_1,34692,4_3_1_5_2,7718,11,3_4_5_2_1|1_3_2_5_4|3_5_4_1_2|3_4_2_5_1|3_5_4_1_2|1_2_5_3_4|5_4_3_1_2|1_3_5_2_4|5_2_4_3_1|5_4_1_2_3|3_4_1_5_2,3_4_5_1_1|1_3_4_4_1|3_1_4_1_4|3_1_3_4_1|5_2_1_1_4|1_2_3_3_4|3_4_5_1_2|1_5_3_1_4|3_1_4_1_1|4_3_1_2_4|3_4_1_5_2,239194,normal
2014,Black,2_4,8960,1,2_4,2_4,3052,2_5_4,7715,3,5_2_4|2_5_4|2_4_5,4_2_5|4_5_5|2_4_5,25890,5_4_1_2,9199,1,1_5_4_2,1_5_4_2,5378,2_5_3_4_1,9671,1,5_1_3_2_4,5_1_3_2_4,7140,normal
2018,White,5_4,8169,1,4_5,4_5,4046,3_5_4,3629,4,4_3_5|3_4_5|3_5_4|3_4_5,5_3_5|3_5_4|3_4_4|3_4_5,31844,4_3_5_1,11487,3,3_1_5_4|1_5_3_4|1_3_5_4,3_4_5_4|3_3_3_4|1_3_5_4,29358,1_4_2_5_3,15416,3,4_2_3_1_5|4_1_3_5_2|4_2_3_5_1,5_2_3_4_5|5_1_3_2_2|4_2_3_5_1,48137,normal
2021,White,4_3,5064,1,4_3,4_3,3235,1_4_3,3783,1,1_4_3,1_4_3,5833,3_1_2_4,3254,5,3_2_1_4|2_1_4_3|1_3_4_2|1_2_3_4|1_3_2_4,3_1_3_4|2_3_4_2|2_4_2_2|4_2_3_4|1_3_2_4,63790,1_3_2_5_4,6377,5,3_4_1_5_2|2_1_4_5_3|5_2_1_3_4|4_2_3_5_1|3_1_4_2_5,2_1_2_5_4|4_1_3_3_2|2_2_1_4_3|2_5_1_5_1|3_1_4_2_5,79949,normal
2022,White,5_2,7457,1,5_2,5_2,2833,4_2_5,7498,1,2_4_5,2_4_5,6623,4_3_2_5,8445,1,4_2_3_5,4_2_3_5,9770,3_5_2_4_1,16907,2,4_1_2_5_3|4_3_2_1_5,3_3_3_3_3|4_3_2_1_5,44022,normal
2023,Black,3_4,10922,2,3_4|3_4,4_4|3_4,10964,1_4_3,7740,8,4_3_1|3_4_1|3_1_4|3_1_4|1_4_3|4_1_3|4_3_1|4_3_1,3_3_1|1_3_1|2_4_4|3_4_4|1_3_3|1_3_4|3_3_1|4_3_1,87246,2_3_4_1,11254,6,2_3_1_4|1_3_4_2|3_2_4_1|1_4_3_2|2_1_4_3|1_4_2_3,2_3_4_4|4_3_2_1|2_2_3_4|3_3_3_2|2_3_3_3|1_4_2_3,79123,5_3_4_2_1,14995,10,4_5_2_1_3|4_3_2_5_1|4_3_2_1_5|4_5_3_1_2|3_1_5_2_4|1_4_3_2_5|1_4_5_2_3|5_4_2_1_3|1_4_5_3_2|5_1_2_3_4,3_1_3_4_5|2_3_4_1_4|2_3_2_1_5|3_5_3_2_1|3_2_5_2_4|2_3_3_5_5|1_2_5_3_3|5_2_3_1_3|1_2_5_3_2|5_1_2_3_4,6993832,normal
2024,Asian,3_1,24488,1,1_3,1_3,5802,1_3_4,18756,1,4_3_1,4_3_1,6259,1_3_5_4,7261,1,4_3_1_5,4_3_1_5,12429,5_3_4_1_2,19558,4,4_5_3_1_2|2_4_5_3_1|2_1_5_4_3|5_3_1_2_4,4_2_3_2_2|2_1_5_2_1|2_1_5_4_2|5_3_1_2_4,75844,normal
2025,Black,4_3,6039,1,4_3,4_3,4399,4_3_1,5721,1,3_4_1,3_4_1,7018,4_1_5_3,7515,1,1_3_5_4,1_3_5_4,11053,2_1_5_4_3,5269,3,5_4_1_3_2|5_2_4_1_3|5_1_3_2_4,5_4_3_3_2|5_2_4_3_3|5_1_3_2_4,35089,normal
2026,White,3_5,3511,1,3_5,3_5,1640,3_5_1,3123,1,3_1_5,3_1_5,3170,5_1_4_3,5134,6,3_5_4_1|3_1_4_5|4_5_3_1|3_1_4_5|4_3_5_1|5_3_1_4,3_5_1_1|3_5_4_5|3_5_3_1|3_4_4_5|3_3_5_1|5_3_1_4,42324,5_3_1_4_2,11228,1,3_1_4_2_5,3_1_4_2_5,7593,normal
2027,Black,4_3,8320,1,3_4,3_4,3907,4_3_5,12235,1,4_5_3,4_5_3,6271,3_5_1_4,5917,3,3_1_4_5|4_5_1_3|3_1_4_5,3_5_3_5|3_1_1_3|3_1_4_5,67564,1_5_4_2_3,11244,8,3_4_2_5_1|4_5_2_3_1|4_3_2_1_5|3_5_1_2_4|4_3_5_2_1|3_1_2_5_4|3_1_4_2_5|3_1_4_2_5,3_1_5_5_2|2_5_4_2_3|4_2_3_1_5|2_5_1_2_4|3_2_5_2_1|3_4_4_5_4|3_1_2_3_5|3_1_4_2_5,225708,normal
2028,Black,2_5,10207,1,5_2,5_2,3219,2_5_1,4853,1,2_5_1,2_5_1,4282,3_1_2_5,8888,1,3_1_2_5,3_1_2_5,8279,1_4_3_2_5,10016,12,4_1_3_5_2|5_3_1_4_2|1_5_3_2_4|5_3_1_2_4|3_1_2_4_5|5_4_2_1_3|3_5_4_1_2|3_5_2_1_4|5_3_1_2_4|4_3_1_5_2|4_5_2_1_3|3_4_2_5_1,1_4_5_5_2|5_4_4_4_2|3_5_4_2_1|5_3_4_2_4|1_3_2_4_5|5_1_2_3_1|3_5_1_1_2|3_4_2_1_4|5_1_3_2_3|4_1_1_5_2|4_5_3_3_3|3_4_2_5_1,212133,normal
2030,Black,1_4,4280,2,4_1|1_4,4_4|1_4,10106,4_2_1,3890,1,4_2_1,4_2_1,3708,1_4_5_2,4769,1,4_5_1_2,4_5_1_2,4756,4_5_2_3_1,4669,14,5_2_4_3_1|5_1_2_3_4|5_3_2_4_1|5_4_1_2_3|3_2_1_4_5|2_5_3_1_4|4_5_3_2_1|3_4_2_1_5|1_3_4_2_5|5_2_4_1_3|2_4_3_1_5|5_1_3_4_2|4_2_3_5_1|5_3_4_1_2,5_4_4_1_3|5_4_3_5_4|5_1_4_3_2|5_4_3_2_1|3_4_3_5_5|4_5_5_1_4|4_5_2_4_1|1_4_3_1_5|2_3_4_1_5|5_4_4_1_3|3_4_5_1_5|5_1_2_4_2|2_3_1_5_1|5_3_4_1_2,166382,normal
2036,White,2_1,5285,2,1_2|2_1,2_2|2_1,12642,2_1_5,6015,6,5_2_1|2_5_1|1_2_5|1_5_2|1_5_2|1_2_5,5_1_1|1_5_2|1_5_5|2_5_2|2_5_2|1_2_5,57436,1_5_3_2,10871,3,5_3_1_2|3_5_2_1|5_2_1_3,5_2_2_2|3_5_1_1|5_2_1_3,36733,5_4_3_2_1,17496,1,2_5_1_4_3,2_5_1_4_3,8783,normal
2043,Asian,4_1,5270,1,1_4,1_4,2784,2_1_4,3471,1,2_1_4,2_1_4,3011,1_2_4_5,3859,5,2_5_1_4|1_2_5_4|5_4_1_2|2_5_4_1|2_1_4_5,1_4_1_4|2_1_5_1|5_1_2_4|4_5_2_2|2_1_4_5,69834,3_2_5_1_4,11336,11,4_5_1_3_2|3_4_1_5_2|3_4_2_1_5|2_1_3_5_4|5_2_4_1_3|5_4_2_3_1|5_1_2_3_4|5_4_3_1_2|5_4_3_2_1|3_5_4_1_2|3_4_1_2_5,3_3_2_4_1|5_2_1_2_2|3_4_1_1_5|3_1_3_2_2|5_3_1_3_2|5_3_2_3_1|5_4_4_2_4|5_1_1_2_4|5_4_1_2_1|5_5_4_1_2|3_4_1_2_5,131491,normal
2044,Asian,1_3,5136,4,3_1|1_3|3_1|3_1,1_1|3_3|1_3|3_1,24205,3_1_2,10970,5,2_3_1|1_3_2|3_2_1|2_3_1|2_3_1,2_1_1|2_3_2|1_2_1|2_1_1|2_3_1,31366,3_1_4_2,9037,2,4_1_3_2|4_2_1_3,2_3_1_2|4_2_1_3,29221,3_5_4_2_1,21371,1,5_1_2_3_4,5_1_2_3_4,17599,normal
2045,Asian,2_5,8100,1,2_5,2_5,3351,3_5_2,6073,10,3_5_2|5_2_3|3_5_2|3_2_5|5_3_2|3_5_2|3_2_5|2_5_3|5_2_3|3_2_5,2_4_4|3_2_1|1_2_3|5_3_3|3_3_4|1_5_2|4_1_5|1_5_4|5_2_4|3_2_5,153618,3_4_2_5,9888,1,5_3_2_4,5_3_2_4,14018,3_1_2_4_5,8307,8,4_5_3_2_1|3_5_2_4_1|1_2_4_5_3|1_4_5_3_2|5_1_2_3_4|1_5_4_3_2|4_5_3_2_1|5_4_1_3_2,3_5_3_2_1|3_5_1_1_2|4_2_2_5_3|4_1_5_3_4|5_1_2_5_2|1_5_4_3_1|4_5_3_2_4|5_4_1_3_2,169230,normal
2046,White,5_2,4046,2,2_5|2_5,5_5|2_5,12335,3_2_5,5088,2,3_2_5|3_2_5,3_5_5|3_2_5,9661,1_2_5_3,3565,1,1_3_2_5,1_3_2_5,6836,2_1_5_3_4,4055,1,3_5_1_2_4,3_5_1_2_4,7955,normal
2049,White,1_5,7926,1,5_1,5_1,3480,5_2_1,3306,1,1_5_2,1_5_2,3834,5_2_1_3,4065,1,2_5_1_3,2_5_1_3,5920,5_3_2_1_4,6615,1,1_2_5_3_4,1_2_5_3_4,5973,normal
2050,White,4_1,8479,2,1_4|1_4,4_4|1_4,11631,4_5_1,4879,1,5_1_4,5_1_4,4642,1_4_5_3,8512,21,3_4_5_1|1_3_5_4|1_3_5_4|1_4_5_3|5_4_3_1|5_3_1_4|1_3_4_5|5_3_1_4|3_1_5_4|4_1_3_5|5_1_4_3|5_3_4_1|4_3_1_5|5_4_1_3|4_5_1_3|4_1_3_5|3_1_4_5|4_5_1_3|5_4_1_3|1_5_4_3|5_3_4_1,5_4_3_1|3_5_1_4|1_5_5_4|4_4_3_4|3_4_5_1|3_4_4_4|5_3_1_5|5_3_4_4|5_4_1_4|4_3_3_5|5_4_4_3|5_3_1_1|4_5_5_1|1_4_3_5|4_1_5_5|4_1_5_5|3_4_4_5|1_5_1_4|5_4_3_3|1_5_3_3|5_3_4_1,400592,3_5_1_2_4,18792,1,2_1_3_5_4|3_4_2_1_5|3_1_2_4_5|1_4_3_2_5|4_1_2_3_5|1_2_4_3_5|5_4_3_1_2|4_1_5_2_3|1_5_2_4_3|3_1_5_4_2|3_2_1_5_4|3_5_4_1_2|1_3_5_4_2|1_3_4_2_5|1_4_5_3_2|1_4_3_5_2,3_3_2_5_4|2_2_2_1_3|3_4_4_5_5|3_4_3_2_5|3_3_3_3_5|3_3_3_4_5|5_2_2_2_2|1_1_2_2_3|1_5_4_4_3|3_4_5_4_2|3_1_1_5_4|3_5_4_2_2|2_2_5_4_2|3_3_2_2_5|1_3_5_3_2|1_4_3_5_2,14117,Incomplete
2052,Black,2_5,4165,2,5_2|5_2,2_2|5_2,12993,3_5_2,3859,7,2_5_3|5_2_3|5_3_2|5_2_3|3_2_5|2_5_3|5_2_3,3_3_3|3_3_3|5_2_2|5_3_3|5_2_3|3_5_2|5_2_3,53318,5_1_2_3,5399,2,1_3_5_2|1_2_5_3,5_2_2_2|1_2_5_3,16637,2_4_1_5_3,5550,4,4_2_3_5_1|4_1_2_5_3|5_1_4_3_2|1_2_4_3_5,2_2_1_1_1|2_1_5_3_4|4_1_3_2_5|1_2_4_3_5,53845,normal
2053,Asian,5_4,10299,1,5_4,5_4,2320,4_5_2,2207,1,4_5_2,4_5_2,1879,2_4_5_1,2292,16,2_5_4_1|5_4_2_1|5_4_1_2|2_5_1_4|4_2_1_5|1_2_4_5|5_2_4_1|5_1_4_2|1_2_4_5|5_4_1_2|4_5_1_2|4_2_1_5|1_2_4_5|2_1_4_5|1_4_5_2|1_2_4_5,2_4_5_4|2_1_3_4|4_1_1_5|5_1_4_4|2_5_1_4|5_4_3_4|2_4_1_3|4_5_2_1|5_2_5_5|1_4_2_2|1_2_2_2|1_5_1_5|2_2_4_5|5_4_5_5|5_2_2_2|1_2_4_5,15113527,4_3_1_5_2,4336,6,5_1_4_2_3|5_2_3_1_4|3_4_1_5_2|5_1_4_3_2|2_5_3_4_1|,4_5_2_5_4|5_4_1_4_4|5_4_2_5_2|5_3_4_2_2|5_4_4_1_1|,46298,normal
2054,Black,2_3,10893,3,3_2|3_2|3_2,2_2|3_3|3_2,18063,2_3_1,7592,2,1_2_3|2_3_1,3_3_2|2_3_1,21598,4_1_3_2,13386,13,2_1_3_4|2_1_3_4|2_1_3_4|2_4_1_3|1_4_3_2|4_2_1_3|1_2_4_3|2_4_1_3|1_4_2_3|3_1_4_2|1_4_2_3|2_4_1_3|3_4_1_2,4_3_3_1|2_3_2_4|2_4_4_4|3_1_1_2|3_2_1_4|1_3_4_1|4_4_2_3|4_4_3_2|4_3_1_2|3_4_2_2|4_4_1_3|4_4_1_3|3_4_1_2,229022,2_4_5_3_1,6828,5,3_1_4_5_2|1_5_3_2_4|4_2_1_3_5|3_4_1_5_2|4_1_5_2_3,3_4_5_5_2|4_5_3_2_1|1_3_1_3_5|3_1_1_5_2|4_1_5_2_3,82455,normal
2057,Asian,3_5,5131,1,3_5,3_5,4092,5_1_3,6473,2,1_3_5|3_5_1,1_5_5|3_5_1,16617,1_3_4_5,6042,3,4_3_5_1|3_5_1_4|1_4_5_3,4_5_5_1|1_5_4_4|1_4_5_3,30227,3_1_2_4_5,6830,1,5_3_1_4_2,5_3_1_4_2,6120,normal
2058,White,4_2,5794,1,2_4,2_4,2324,4_3_2,3721,1,3_2_4,3_2_4,3647,3_4_2_5,6924,1,5_2_3_4,5_2_3_4,5339,4_1_3_5_2,6678,1,5_4_2_3_1,5_4_2_3_1,6966,normal
2059,Asian,2_5,3762,1,2_5,2_5,9938,5_2_4,6448,1,5_2_4,5_2_4,6272,2_5_4_1,4152,7,2_1_4_5|2_5_1_4|5_1_4_2|2_5_4_1|5_4_1_2|2_5_1_4|5_2_4_1,5_4_5_2|2_4_1_4|4_2_5_3|5_4_2_3|5_2_3_2|4_4_4_4|5_2_4_1,90379,2_3_4_5_1,7366,12,3_2_1_4_5|1_3_4_2_5|2_5_3_4_1|4_3_5_2_1|2_3_4_5_1|3_2_1_4_5|4_3_5_1_2|2_5_4_3_1|4_1_3_2_5|3_4_2_1_5|2_5_3_1_4|2_5_1_3_4,4_3_2_5_5|2_4_1_3_5|4_3_2_4_1|3_2_5_1_3|4_2_5_5_1|2_4_1_2_5|2_3_5_4_5|2_5_1_3_1|1_2_3_4_5|2_4_3_1_5|2_5_4_1_4|2_5_1_3_4,219784,normal
2062,Black,4_3,7072,1,3_4,3_4,2830,2_4_3,5495,1,3_2_4,3_2_4,3993,2_1_4_3,5454,3,2_4_1_3|2_3_1_4|2_4_3_1,2_3_1_3|2_3_4_4|2_4_3_1,26274,5_4_1_2_3,7748,2,3_5_4_2_1|5_2_4_1_3,1_1_4_2_3|5_2_4_1_3,25731,normal
2063,Asian,1_3,8329,4,3_1|1_3|3_1|1_3,1_1|3_2|2_1|1_3,25921,1_3_2,6915,2,3_2_1|2_3_1,1_2_1|2_3_1,12449,2_1_5_3,6808,3,5_3_1_2|2_3_1_5|3_5_2_1,4_1_2_1|2_3_1_4|3_5_2_1,25361,1_5_4_2_3,10960,8,3_1_4_5_2|3_5_1_4_2|1_5_4_3_2|3_5_1_4_2|2_1_5_3_4|3_4_2_5_1|4_1_5_3_2|3_4_2_5_1,3_2_2_5_4|1_5_3_4_2|1_5_2_3_2|1_5_1_4_2|4_3_5_3_2|1_2_5_5_3|2_1_5_3_2|3_4_2_5_1,90103,normal
2064,Asian,5_3,18176,1,3_5,3_5,2994,3_1_5,2826,5,1_3_5|1_5_3|5_1_3|3_5_1|1_3_5,3_1_5|1_3_3|5_3_1|1_1_4|1_3_5,36666,3_5_1_2,6773,1,1_2_5_3,1_2_5_3,6193,1_5_4_3_2,3294,1,1_3_4_5_2,1_3_4_5_2,9578,normal
2065,White,4_1,4364,1,1_4,1_4,4911,5_1_4,3480,5,4_5_1|5_1_4|5_4_1|4_1_5|1_4_5,4_1_1|5_4_4|5_1_4|5_1_5|1_4_5,45027,4_5_2_1,4692,2,5_1_2_4|1_5_4_2,5_1_3_4|1_5_4_2,15060,5_2_4_3_1,5386,2,4_5_2_1_3|1_2_4_3_5,5_5_2_1_3|1_2_4_3_5,23058,normal
2067,Black,3_4,3912,1,3_4,3_4,3126,5_4_3,4106,1,3_5_4,3_5_4,5557,5_3_4_1,4846,4,5_1_3_4|3_5_1_4|1_5_3_4|1_3_4_5,5_4_1_1|4_5_1_4|4_5_4_3|1_3_4_5,51056,1_5_4_3_2,6674,2,5_1_3_2_4|1_3_5_2_4,5_4_4_2_4|1_3_5_2_4,23793,normal
2070,White,4_5,6993,2,5_4|5_4,3_4|5_4,10492,4_3_5,4587,1,4_3_5,4_3_5,2534,3_2_5_4,3952,7,4_2_5_3|3_4_5_2|4_2_3_5|2_3_5_4|4_5_2_3|2_3_5_4|5_4_3_2,4_3_5_3|3_4_2_3|4_5_3_5|5_3_2_4|3_5_3_3|4_3_5_4|5_4_3_2,80236,5_2_1_4_3,10720,1,3_1_5_4_2,3_1_5_4_2,9537,normal
2071,White,5_3,8358,1,5_3,5_3,2825,2_5_3,6535,2,3_2_5|3_5_2,2_5_5|3_5_2,17321,5_2_1_3,5544,14,1_5_3_2|3_2_1_5|1_3_2_5|2_5_3_1|1_3_5_2|2_1_5_3|1_3_5_2|1_2_3_5|2_1_5_3|2_1_3_5|2_1_5_3|5_3_2_1|1_2_5_3|2_1_3_5,2_3_3_5|3_5_2_5|2_3_5_5|2_5_1_1|2_3_5_1|2_3_5_3|3_3_5_2|3_5_3_5|3_3_5_3|3_3_5_5|2_3_3_3|5_2_2_1|3_5_5_3|2_1_3_5,125139,4_3_1_5_2,7342,3,4_1_2_5_3|4_3_5_1_2|2_3_5_4_1,4_2_3_5_3|4_1_5_1_3|2_3_5_4_1,27671,normal
2073,White,4_2,10830,1,2_4,2_4,2087,1_4_2,3819,1,4_1_2,4_1_2,3602,4_3_2_1,3697,1,3_4_2_1,3_4_2_1,6466,3_5_2_4_1,3891,4,4_2_5_1_3|4_5_1_2_3|4_1_5_2_3|4_1_2_5_3,4_3_5_2_3|4_5_2_3_3|1_1_5_3_2|4_1_2_5_3,49035,normal
2081,Black,2_1,7532,1,1_2,1_2,2490,1_4_2,4171,1,2_1_4,2_1_4,3555,1_4_3_2,4094,3,3_1_2_4|3_2_4_1|1_4_3_2,3_2_2_4|4_2_1_1|1_4_3_2,25648,1_4_5_3_2,5604,2,2_3_4_1_5|2_1_4_3_5,4_3_4_3_5|2_1_4_3_5,17423,normal
2082,Asian,2_4,9505,4,4_2|2_4|2_4|4_2,2_4|4_4|4_4|4_2,47219,4_2_5,5800,1,4_2_5,4_2_5,4215,5_4_1_2,5244,4,1_4_5_2|5_4_1_2|5_1_2_4|1_2_4_5,4_2_5_2|5_2_1_2|5_4_2_4|1_2_4_5,48298,2_4_5_1_3,8780,3,5_4_1_3_2|2_3_5_4_1|4_3_2_5_1,5_2_1_3_4|4_3_5_4_3|4_3_2_5_1,38288,normal
2083,Asian,1_3,7831,2,1_3|1_3,3_3|1_3,12513,2_1_3,8761,1,2_3_1,2_3_1,3683,1_4_3_2,7969,1,3_4_2_1,3_4_2_1,4960,2_5_3_4_1,5904,1,3_4_5_2_1|1_3_2_5_4|3_5_4_1_2|3_4_2_5_1|3_5_4_1_2|1_2_5_3_4|5_4_3_1_2|1_3_5_2_4|5_2_4_3_1|5_4_1_2_3|3_4_1_5_2,3_4_5_1_1|1_3_4_4_1|3_1_4_1_4|3_1_3_4_1|5_2_1_1_4|1_2_3_3_4|3_4_5_1_2|1_5_3_1_4|3_1_4_1_1|4_3_1_2_4|3_4_1_5_2,7208,Incomplete
2084,White,3_2,6393,2,3_2|3_2,1_2|3_2,10239,4_2_3,6540,1,4_2_3,4_2_3,4243,5_4_3_2,5768,5,2_3_5_4|2_4_5_3|2_3_5_4|5_3_2_4|2_5_3_4,3_3_4_4|3_3_5_2|3_3_5_4|5_4_4_4|2_5_3_4,52186,2_5_4_3_1,10640,1,4_5_2_1_3|4_3_2_5_1|4_3_2_1_5|4_5_3_1_2|3_1_5_2_4|1_4_3_2_5|1_4_5_2_3|5_4_2_1_3|1_4_5_3_2|5_1_2_3_4,3_1_3_4_5|2_3_4_1_4|2_3_2_1_5|3_5_3_2_1|3_2_5_2_4|2_3_3_5_5|1_2_5_3_3|5_2_3_1_3|1_2_5_3_2|5_1_2_3_4,12007,Incomplete
2085,Asian,5_3,8141,1,3_5,3_5,5963,5_3_1,6550,1,1_5_3,1_5_3,4298,2_5_3_1,6138,3,3_1_2_5|3_2_1_5|5_3_1_2,1_2_1_5|3_1_1_5|5_3_1_2,40678,1_3_5_2_4,5820,2,5_3_2_1_4|2_5_3_4_1,5_3_4_1_4|2_5_3_4_1,22672,normal
2086,White,3_1,7243,1,3_1,3_1,4157,3_4_1,2344,1,3_4_1,3_4_1,3057,3_5_4_1,12338,3,4_3_1_5|1_5_3_4|3_1_4_5,5_3_1_5|4_5_3_2|3_1_4_5,23923,1_4_5_3_2,7448,4,2_1_4_5_3|2_3_4_1_5|5_3_2_1_4|4_1_3_5_2,2_4_4_5_3|2_3_1_1_5|5_3_2_4_4|4_1_3_5_2,39872,normal
2087,White,4_2,13902,1,2_4,2_4,3156,5_4_2,12307,4,5_4_2|5_2_4|2_4_5|4_5_2,4_4_5|5_4_5|5_5_5|4_5_2,43286,4_1_2_5,14675,14,1_5_4_2|1_5_4_2|2_4_5_1|1_2_4_5|1_5_2_4|2_5_4_1|5_4_2_1|2_5_1_4|5_2_1_4|4_5_2_1|1_4_5_2|2_4_1_5|5_1_2_4|2_4_5_1,2_3_3_3|1_2_2_2|5_2_2_3|1_4_4_3|1_2_4_4|1_1_1_1|4_1_2_1|4_4_1_5|5_4_1_4|2_4_2_1|1_5_5_2|5_4_1_2|5_1_4_4|2_4_5_1,217050,1_4_3_5_2,9772,3,2_3_5_1_4|3_4_2_5_1|5_3_4_1_2,3_3_5_1_2|3_2_5_5_1|5_3_4_1_2,38643,normal
2088,White,5_4,3458,2,4_5|4_5,4_4|4_5,11439,4_3_5,3549,2,3_4_5|3_4_5,4_3_5|3_4_5,14935,5_2_3_4,4755,4,5_2_4_3|2_5_3_4|4_5_2_3|2_5_4_3,4_2_5_3|2_4_3_5|2_2_3_3|2_5_4_3,39679,1_3_4_2_5,7483,4,2_5_3_4_1|1_4_2_3_5|5_2_4_1_3|2_3_5_1_4,2_4_3_1_4|1_2_2_3_5|4_2_1_5_3|2_3_5_1_4,53186,normal
2092,White,4_3,4834,1,4_3,4_3,3729,3_5_4,10586,2,5_4_3|5_4_3,5_3_3|5_4_3,12016,3_4_5_2,9353,3,5_4_2_3|4_3_5_2|5_3_2_4,5_4_3_3|5_3_5_2|5_3_2_4,22359,4_5_3_2_1,9060,2,5_1_3_2_4|1_2_4_3_5,5_1_2_2_4|1_2_4_3_5,16612,normal
2093,Asian,4_5,6998,1,5_4,5_4,4168,4_5_2,3188,5,2_4_5|2_4_5|4_5_2|2_5_4|5_2_4,5_2_5|4_4_5|2_5_4|4_4_2|5_2_4,53357,3_2_4_5,9348,2,3_5_4_2|3_5_2_4,3_5_2_4|3_5_2_4,20133,4_1_2_5_3,7767,5,4_1_3_2_5|4_1_2_3_5|3_1_4_2_5|3_4_2_5_1|5_3_4_1_2,4_1_2_4_5|3_1_2_1_5|1_3_2_3_5|1_2_2_5_1|5_3_4_1_2,87531,normal
2098,White,3_5,3975,1,3_5,3_5,2821,4_5_3,2914,1,3_5_4,3_5_4,2824,3_1_5_4,3221,11,1_5_4_3|4_3_5_1|1_5_3_4|3_1_4_5|4_5_3_1|3_1_4_5|1_3_4_5|1_4_3_5|5_4_1_3|5_3_1_4|1_5_4_3,5_5_3_3|1_5_5_1|4_5_4_4|1_1_4_5|3_5_4_4|3_4_4_5|3_3_4_5|4_4_3_5|5_1_1_3|5_4_1_4|1_5_4_3,96502,2_3_5_4_1,5364,2,5_4_2_3_1|3_1_4_2_5,5_3_1_3_4|3_1_4_2_5,20347,Incomplete
2099,White,3_1,6245,1,3_1,3_1,2228,1_4_3,6089,2,1_3_4|4_3_1,1_4_4|4_3_1,14399,3_2_4_1,7702,1,4_2_1_3,4_2_1_3,8958,1_3_2_5_4,14078,2,2_5_1_3_4|4_3_5_2_1,4_5_3_3_4|4_3_5_2_1,28436,normal
2100,Black,5_4,7590,2,5_4|5_4,4_5|5_4,15706,4_1_5,3001,4,1_4_5|1_5_4|5_4_1|5_4_1,4_5_4|5_5_4|1_1_4|5_4_1,27502,5_3_1_4,5834,7,5_4_3_1|3_4_5_1|3_5_4_1|4_5_3_1|3_4_5_1|4_5_1_3|3_4_5_1,4_4_2_1|4_5_1_4|5_4_2_5|3_5_4_1|2_5_5_2|3_3_3_5|3_4_5_1,95912,2_1_4_5_3,7384,15,1_3_4_5_2|5_1_3_2_4|1_3_4_5_2|5_2_4_3_1|2_5_4_1_3|3_2_4_1_5|4_5_3_2_1|2_1_5_4_3|4_2_5_3_1|3_2_5_4_1|3_5_2_4_1|3_1_2_5_4|1_5_3_2_4|2_3_5_4_1|4_2_5_3_1,4_4_1_5_1|4_4_3_4_5|5_2_4_5_3|3_5_3_4_3|2_3_4_3_2|3_2_4_5_5|3_2_3_2_5|2_2_5_3_3|3_2_5_4_3|3_2_5_3_4|3_5_2_4_3|3_4_2_5_3|1_5_4_2_4|2_1_5_4_1|4_2_5_3_1,248449,normal
2102,Asian,5_1,8557,1,5_1,5_1,8810,1_4_5,8088,2,1_4_5|4_1_5,1_2_5|4_1_5,21834,5_4_1_3,10645,1,5_4_3_1,5_4_3_1,8060,5_2_1_3_4,12574,12,3_2_4_5_1|4_1_2_3_5|2_5_4_3_1|2_5_1_4_3|2_5_4_3_1|1_2_5_3_4|3_2_1_4_5|1_2_4_5_3|2_5_1_4_3|1_2_3_5_4|2_1_5_4_3|3_1_4_5_2,5_3_1_5_2|4_2_3_4_5|1_5_2_3_2|1_5_4_2_3|2_5_4_1_1|5_2_5_2_2|3_2_4_4_5|1_2_3_5_3|2_5_4_3_3|1_2_4_5_3|2_1_5_3_3|3_1_4_5_2,271684,normal
2106,Black,5_3,10675,2,5_3|3_5,5_5|3_5,11920,2_3_5,4894,5,2_5_3|5_3_2|5_3_2|3_5_2|2_3_5,2_5_2|3_3_2|3_3_2|5_5_2|2_3_5,39162,1_3_2_5,7070,3,3_2_5_1|1_2_3_5|2_1_3_5,2_2_5_1|1_3_3_5|2_1_3_5,25635,3_5_2_1_4,14141,10,5_3_4_2_1|4_1_5_3_2|2_1_3_5_4|3_2_1_4_5|3_5_4_2_1|5_4_3_2_1|1_4_2_5_3|1_2_3_4_5|3_1_5_4_2|3_2_1_4_5,3_1_1_2_5|5_3_5_3_1|2_4_3_5_4|3_1_1_4_5|3_5_2_1_1|5_1_3_1_1|4_1_1_1_3|1_4_3_4_5|3_1_5_2_2|3_2_1_4_5,182311,normal
2107,White,1_2,3710,2,1_2|2_1,2_2|2_1,10575,2_4_1,7717,1,1_4_2,1_4_2,5799,5_2_4_1,13793,1,5_4_2_1,5_4_2_1,6667,4_2_1_5_3,13609,2,5_1_2_4_3|3_5_4_1_2,5_1_2_3_3|3_5_4_1_2,16008,normal
2109,Black,2_4,9700,1,2_4,2_4,3410,2_4_3,6251,2,3_4_2|4_2_3,4_3_2|4_2_3,21552,2_3_4_1,6825,2,2_4_1_3|3_1_4_2,2_4_1_1|3_1_4_2,13264,5_4_2_1_3,5562,1,3_2_4_5_1,3_2_4_5_1,9063,normal
2114,Asian,3_5,4782,1,3_5,3_5,1762,3_5_4,5789,9,4_5_3|4_3_5|4_5_3|3_5_4|4_3_5|5_3_4|3_5_4|5_3_4|4_5_3,3_3_3|4_5_4|4_5_4|3_4_5|5_5_4|4_3_5|5_4_5|4_5_4|4_5_3,88281,1_3_5_4,8270,1,1_3_4_5,1_3_4_5,10030,2_5_1_4_3,4917,11,4_1_3_5_2|1_2_5_4_3|4_3_1_2_5|5_2_1_4_3|1_5_4_2_3|3_4_5_2_1|2_5_1_3_4|3_2_4_1_5|5_3_1_4_2|1_4_2_5_3|5_3_4_2_1,3_1_2_4_1|2_2_5_4_1|3_4_5_2_4|3_5_4_4_3|3_4_3_5_3|3_5_4_2_1|2_5_1_4_4|2_2_1_5_5|5_2_2_1_3|1_3_2_5_3|5_3_4_2_1,136607,normal
2120,Black,5_3,6456,5,3_5|3_5|5_3|3_5|5_3,5_5|5_5|3_3|5_3|5_3,34869,5_1_3,4923,1,1_3_5,1_3_5,3873,2_5_1_3,7112,1,3_2_1_5,3_2_1_5,8709,1_4_3_5_2,7008,3,4_1_2_3_5|2_3_1_5_4|3_4_2_1_5,4_2_2_3_5|1_3_2_5_4|3_4_2_1_5,31528,normal
2129,White,4_5,17165,1,4_5,4_5,3808,4_2_5,10663,1,2_5_4,2_5_4,6582,4_2_5_3,10120,4,4_3_5_2|3_5_2_4|2_3_5_4|5_2_3_4,4_3_3_2|3_5_2_3|5_3_4_4|5_2_3_4,55896,2_5_4_3_1,12998,1,2_4_3_1_5,2_4_3_1_5,7544,normal
3021,Asian,5_4,1942,1,4_5,4_5,4156,3_5_4,2731,2,5_3_4|3_5_4,3_3_4|3_5_4,19623,2_4_5_3,3616,3,3_5_4_2|5_3_4_2|3_5_4_2,3_2_4_3|3_4_4_2|3_5_4_2,39675,4_1_2_3_5,7694,8,2_5_1_3_4|3_5_4_1_2|5_4_3_2_1|2_1_3_4_5|5_1_3_4_2|1_4_2_3_5|5_4_1_3_2|3_4_2_5_1,4_3_3_3_4|3_2_4_3_2|4_4_3_2_1|5_3_4_5_4|5_4_2_2_3|4_3_3_1_5|5_2_3_2_4|3_4_2_5_1,158593,normal
3023,Asian,2_4,8252,1,4_2,4_2,2706,2_4_3,7472,2,4_2_3|2_4_3,4_3_3|2_4_3,10377,2_4_5_3,10742,2,5_4_3_2|4_5_2_3,5_3_3_2|4_5_2_3,16603,1_2_3_4_5,5859,2,1_3_5_4_2|2_4_3_1_5,3_3_5_4_2|2_4_3_1_5,22790,normal
3027,Black,2_5,4941,3,5_2|5_2|5_2,2_2|2_2|5_2,16275,5_2_4,7082,7,2_5_4|5_2_4|5_4_2|2_4_5|2_5_4|5_4_2|2_4_5,5_5_4|2_2_4|2_4_5|5_4_5|2_4_4|2_4_5|2_4_5,49659,5_2_3_4,10208,3,3_2_4_5|2_4_3_5|5_3_2_4,3_4_2_2|5_3_3_2|5_3_2_4,35663,5_3_2_1_4,13001,7,3_5_1_2_4|4_3_5_1_2|1_2_4_5_3|4_5_2_1_3|1_5_2_4_3|4_1_5_3_2|5_4_3_2_1,3_5_1_4_4|1_1_5_1_4|1_2_3_3_3|4_2_4_1_3|1_2_2_3_3|4_1_2_3_2|5_4_3_2_1,125878,normal
3028,White,5_1,13317,1,1_5,1_5,3633,5_1_2,8571,1,2_1_5,2_1_5,6335,5_3_1_2,8164,8,3_1_5_2|2_3_1_5|1_3_5_2|5_3_1_2|1_3_2_5|5_3_1_2|1_2_3_5|1_2_5_3,3_2_5_4|1_2_1_5|2_2_5_3|5_1_2_3|3_3_2_5|5_1_2_3|3_2_3_5|1_2_5_3,145509,3_2_5_1_4,17108,3,4_5_3_2_1|5_4_1_2_3|3_2_5_1_4,4_5_1_2_1|5_4_2_3_3|3_2_5_1_4,33660,normal
3031,Black,2_3,5241,2,2_3|3_2,3_2|3_2,15636,2_3_5,6340,3,3_5_2|5_3_2|3_5_2,2_5_2|3_3_2|3_5_2,23025,5_1_2_3,7425,1,3_1_2_5,3_1_2_5,7612,3_5_4_2_1,9212,3,2_5_4_3_1|3_4_1_5_2|3_1_4_5_2,2_5_1_2_1|2_1_1_5_2|3_1_4_5_2,31423,normal
3037,Asian,2_3,7149,1,2_3,2_3,2194,2_1_3,4594,3,3_2_1|2_3_1|2_1_3,2_2_1|3_3_1|2_1_3,27995,5_1_3_2,14205,7,1_2_3_5|3_5_2_1|3_1_5_2|3_1_2_5|1_2_5_3|1_5_3_2|3_5_2_1,1_3_3_2|2_5_1_1|2_1_5_3|2_1_2_5|1_3_5_3|2_5_2_2|3_5_2_1,69999,4_5_2_3_1,6000,5,5_4_3_2_1|4_2_1_3_5|3_4_5_1_2|2_3_5_1_4|4_1_5_3_2,5_1_2_2_3|2_2_1_3_5|2_4_5_1_3|3_3_5_1_4|4_1_5_3_2,38182,normal
3038,Black,2_5,6191,1,5_2,5_2,3188,2_4_5,4572,1,4_5_2,4_5_2,3525,5_3_4_2,6791,4,5_3_2_4|2_3_4_5|4_2_3_5|3_4_2_5,5_4_2_5|2_4_5_5|5_2_5_5|3_4_2_5,53237,5_1_3_4_2,9008,1,2_4_3_5_1,2_4_3_5_1,6348,normal
3039,Asian,4_5,5393,1,4_5,4_5,2193,5_3_4,3697,1,3_5_4,3_5_4,3817,2_5_3_4,4951,1,5_4_3_2,5_4_3_2,4311,5_4_2_3_1,6281,4,4_3_5_1_2|3_1_4_5_2|4_3_2_1_5|5_1_4_3_2,4_3_5_3_2|3_2_4_5_2|1_3_2_1_5|5_1_4_3_2,40350,normal
3040,Asian,5_2,11457,1,5_2,5_2,3548,2_3_5,2909,1,3_5_2,3_5_2,4571,4_3_2_5,4800,4,2_5_4_3|2_3_4_5|3_4_2_5|4_3_2_5,3_3_4_2|5_3_4_2|2_4_5_5|4_3_2_5,50875,4_3_1_5_2,6814,1,4_3_2_5_1,4_3_2_5_1,6611,normal
3049,White,2_4,3541,1,2_4,2_4,2141,2_5_4,2361,1,2_5_4,2_5_4,3336,4_5_1_2,2584,2,4_2_5_1|5_2_4_1,4_5_5_2|5_2_4_1,15875,3_4_2_1_5,4184,8,5_4_2_1_3|4_5_3_1_2|5_1_4_2_3|3_2_5_1_4|2_3_4_1_5|1_2_4_3_5|2_3_5_4_1|5_3_4_2_1,2_3_5_1_5|2_1_2_2_5|2_4_3_5_3|3_5_5_1_4|3_3_5_3_5|4_2_4_3_5|1_3_5_2_3|5_3_4_2_1,111093,normal
3052,White,3_5,9767,1,3_5,3_5,2360,1_3_5,2855,6,3_1_5|5_1_3|5_1_3|5_3_1|1_5_3|3_1_5,1_5_1|3_5_5|1_3_1|3_1_3|1_5_1|3_1_5,65593,3_5_1_2,5697,3,5_3_1_2|2_1_3_5|3_1_5_2,3_1_3_2|2_3_3_5|3_1_5_2,31374,5_4_3_2_1,6682,1,5_4_2_1_3|4_5_3_1_2|5_1_4_2_3|3_2_5_1_4|2_3_4_1_5|1_2_4_3_5|2_3_5_4_1|5_3_4_2_1,2_3_5_1_5|2_1_2_2_5|2_4_3_5_3|3_5_5_1_4|3_3_5_3_5|4_2_4_3_5|1_3_5_2_3|5_3_4_2_1,6513,Incomplete
3054,Black,1_3,13480,4,1_3|3_1|3_1|3_1,1_2|2_2|3_4|3_1,30523,1_5_3,7126,1,5_1_3,5_1_3,5356,4_5_1_3,5447,5,3_1_5_4|3_1_4_5|1_3_4_5|5_1_3_4|5_3_4_1,4_1_5_4|1_4_5_5|4_4_1_5|5_4_3_4|5_3_4_1,86496,3_2_4_1_5,8485,4,2_1_4_5_3|5_4_3_1_2|4_2_5_1_3|1_4_5_2_3,2_4_4_5_2|5_3_2_1_2|1_2_5_1_4|1_4_5_2_3,48946,normal
3056,Black,,,,,,,,,,,,,,,,,,,,,,,,,
3063,White,3_2,8479,1,2_3,2_3,3082,4_3_2,5340,3,3_4_2|3_4_2|3_4_2,4_2_4|4_4_2|3_4_2,23637,3_2_1_4,7441,10,2_4_3_1|1_4_2_3|2_1_3_4|3_4_1_2|4_1_2_3|2_4_3_1|1_2_4_3|4_2_1_3|4_2_3_1|3_2_1_4,3_1_3_1|3_3_1_3|4_4_3_2|4_4_1_3|4_1_3_2|4_3_2_1|4_3_1_3|1_2_3_4|3_2_3_1|3_2_1_4,127069,2_3_5_4_1,5311,1,2_1_3_4_5,2_1_3_4_5,7184,normal
3067,Asian,4_1,5131,1,1_4,1_4,3386,3_1_4,5807,1,3_1_4,3_1_4,4405,3_1_4_5,5655,1,1_5_4_3,1_5_4_3,11217,2_5_3_4_1,6500,8,5_1_2_4_3|2_4_3_1_5|3_5_1_2_4|3_5_4_2_1|5_2_3_1_4|3_2_4_1_5|4_5_3_2_1|2_4_3_5_1,4_3_2_4_3|5_4_3_4_4|2_4_2_4_1|3_5_1_2_1|4_1_3_4_4|3_1_4_1_5|2_4_3_4_5|2_4_3_5_1,130105,normal
3073,White,5_3,3786,1,5_3,5_3,3112,5_4_3,3687,1,3_4_5,3_4_5,2160,5_4_1_3,6245,2,5_4_3_1|3_1_5_4,4_4_3_1|3_1_5_4,13412,1_2_4_5_3,7227,1,2_4_1_5_3,2_4_1_5_3,7457,normal
3075,Asian,2_4,7032,2,2_4|2_4,4_4|2_4,14564,4_2_1,4470,13,1_4_2|1_4_2|4_1_2|2_1_4|2_4_1|1_2_4|2_4_1|1_4_2|4_2_1|2_4_1|1_2_4|4_2_1|1_2_4,3_3_1|1_3_3|1_4_1|4_3_3|1_2_2|2_2_1|4_3_2|2_2_3|3_3_1|3_4_1|4_4_3|3_3_1|1_2_4,191712,1_5_2_4,21022,2,2_5_1_4|1_4_2_5,4_5_4_3|1_4_2_5,25236,2_5_4_1_3,9456,2,5_1_2_4_3|2_4_3_1_5|3_5_1_2_4|3_5_4_2_1|5_2_3_1_4|3_2_4_1_5|4_5_3_2_1|2_4_3_5_1,4_3_2_4_3|5_4_3_4_4|2_4_2_4_1|3_5_1_2_1|4_1_3_4_4|3_1_4_1_5|2_4_3_4_5|2_4_3_5_1,21167,Incomplete
3076,Asian,4_3,10111,2,3_4|4_3,3_3|4_3,16502,4_2_3,12764,1,4_2_3,4_2_3,5916,2_5_4_3,8290,1,2_3_5_4,2_3_5_4,5939,3_5_4_1_2,14894,2,3_5_1_2_4|4_2_3_1_5,3_5_1_2_3|4_2_3_1_5,24401,normal
3078,Asian,4_2,11750,3,2_4|4_2|2_4,4_4|2_4|2_4,17363,2_1_4,3989,1,1_2_4,1_2_4,2889,2_1_4_5,5828,2,5_4_2_1|1_4_5_2,2_2_2_1|1_4_5_2,15390,3_2_4_1_5,8761,7,2_1_3_4_5|2_1_3_4_5|2_4_5_1_3|3_2_5_4_1|5_4_2_1_3|5_4_2_3_1|5_3_4_2_1,2_1_5_4_5|2_1_5_4_5|2_4_5_1_4|4_4_3_4_1|3_4_2_1_3|5_4_2_1_1|5_3_4_2_1,79739,normal
3080,Asian,4_5,5868,1,4_5,4_5,1772,5_3_4,3243,4,3_4_5|3_4_5|5_4_3|3_5_4,3_4_3|5_4_3|3_4_5|3_5_4,35814,4_5_1_3,5472,5,5_1_4_3|5_4_1_3|5_3_4_1|5_3_1_4|4_1_5_3,3_3_4_5|1_4_5_3|3_5_4_1|3_5_1_4|4_1_5_3,57896,1_4_5_3_2,11231,3,3_4_1_5_2|3_2_4_1_5|1_4_3_5_2,5_4_1_3_2|5_2_4_5_3|1_4_3_5_2,37931,normal
3084,White,4_5,5797,1,4_5,4_5,2540,5_4_2,1966,9,5_2_4|2_5_4|5_2_4|4_5_2|5_4_2|2_5_4|5_2_4|5_2_4|4_2_5,5_4_4|5_2_5|2_4_2|4_2_4|2_2_5|4_2_4|4_4_4|5_4_2|4_2_5,89979,3_5_2_4,8570,1,3_5_4_2,3_5_4_2,5737,5_1_4_3_2,5269,3,2_4_5_3_1|5_2_1_3_4|4_1_5_2_3,2_5_5_3_4|5_2_4_3_4|4_1_5_2_3,42577,normal
3086,Black,2_3,8105,2,2_3|2_3,2_1|2_3,11483,2_4_3,5784,1,2_3_4,2_3_4,4612,5_4_3_2,4033,2,4_3_2_5|5_4_3_2,3_3_2_5|5_4_3_2,18578,4_5_3_1_2,7982,9,4_2_1_3_5|2_3_1_5_4|3_1_2_4_5|5_2_1_3_4|3_5_4_2_1|5_4_3_2_1|3_4_5_1_2|2_5_4_3_1|1_2_3_5_4,4_2_3_2_5|3_4_4_5_4|2_2_4_4_5|5_1_3_4_4|1_5_2_2_1|5_4_1_2_1|4_4_5_2_2|3_5_2_1_2|1_2_3_5_4,163931,normal
3087,Asian,2_1,3927,2,1_2|1_2,2_2|1_2,19098,2_3_1,5355,1,2_3_1,2_3_1,6653,4_1_2_3,4772,1,3_2_1_4,3_2_1_4,8414,5_4_3_1_2,6753,6,2_4_1_3_5|2_5_1_4_3|5_3_2_4_1|4_2_1_5_3|1_3_5_2_4|3_1_4_2_5,2_3_3_4_5|2_1_3_4_5|2_3_4_4_3|3_3_3_5_4|2_4_4_2_5|3_1_4_2_5,115613,Incomplete
3089,Black,5_4,8225,2,5_4|5_4,4_4|5_4,11975,4_5_1,8506,2,1_5_4|4_5_1,4_4_4|4_5_1,28087,4_1_5_2,13287,1,1_4_5_2,1_4_5_2,12417,1_4_2_5_3,19893,6,4_2_5_1_3|5_2_3_1_4|2_3_4_1_5|4_3_5_1_2|1_3_4_2_5|3_4_2_1_5,4_2_5_3_3|5_2_3_1_2|2_3_1_1_5|4_5_2_1_2|1_4_2_2_5|3_4_2_1_5,196598,normal
3090,White,2_4,7572,2,4_2|2_4,2_2|2_4,16005,5_4_2,7411,1,5_2_4,5_2_4,7143,5_2_1_4,9532,21,1_4_2_5|2_4_5_1|2_4_5_1|2_5_1_4|5_2_4_1|2_5_4_1|1_4_2_5|1_4_5_2|1_5_2_4|2_5_1_4|1_4_2_5|5_2_1_4|4_2_1_5|5_2_1_4|5_2_1_4|4_2_1_5|2_5_4_1|1_5_4_2|5_1_2_4|4_2_1_5|1_5_4_2,5_2_2_5|2_4_5_2|1_5_2_4|1_3_5_2|1_5_4_2|5_2_3_3|1_2_5_4|1_5_3_2|1_4_2_3|1_4_2_3|2_5_1_3|4_2_1_3|5_2_1_4|5_1_1_3|5_1_2_4|5_2_1_4|2_1_4_1|1_4_4_2|5_4_2_4|5_1_1_4|1_5_4_2,212680,4_5_1_2_3,7372,1,2_1_4_5_3,2_1_4_5_3,7739,normal
3100,Black,5_1,10312,1,5_1,5_1,4106,5_1_4,10501,1,5_4_1,5_4_1,11021,5_3_4_1,28645,11,1_3_4_5|4_5_3_1|3_5_1_4|4_1_5_3|1_5_4_3|3_5_1_4|4_5_3_1|1_5_3_4|5_4_1_3|3_1_5_4|3_4_5_1,4_3_4_5|1_5_3_1|4_5_3_1|1_5_3_3|5_5_3_4|4_5_3_3|4_5_1_1|4_5_3_4|5_3_3_3|4_3_5_4|3_4_5_1,216349,3_5_2_1_4,18672,1,3_2_4_1_5,3_2_4_1_5,14867,normal
3110,Black,3_4,16856,1,4_3,4_3,4326,3_4_1,14007,2,4_1_3|4_1_3,4_5_3|4_1_3,24026,3_4_5_1,25173,1,4_5_1_3,4_5_1_3,9242,5_2_1_4_3,32539,1,3_4_2_1_5,3_4_2_1_5,19671,normal
3114,Asian,5_2,4561,1,5_2,5_2,2983,2_5_1,5295,9,2_1_5|2_5_1|5_1_2|1_2_5|5_1_2|1_5_2|2_1_5|5_1_2|1_2_5,2_5_5|2_1_1|5_2_1|2_2_5|5_2_1|1_2_2|2_5_5|2_2_2|1_2_5,69194,3_2_1_5,4911,4,1_5_3_2|3_1_2_5|3_1_5_2|3_2_1_5,2_2_3_2|3_5_2_5|3_2_5_1|3_2_1_5,33552,2_5_4_3_1,5967,2,3_1_5_2_4|1_4_3_5_2,3_2_5_2_4|1_4_3_5_2,14291,normal
3116,Black,4_1,9441,2,1_4|4_1,4_4|4_1,14764,3_1_4,9030,3,4_1_3|3_4_1|4_1_3,4_1_4|3_1_1|4_1_3,37228,5_4_1_3,10716,21,1_5_4_3|3_5_1_4|3_4_5_1|1_3_4_5|5_4_3_1|4_1_5_3|4_1_3_5|1_4_5_3|1_5_3_4|3_5_1_4|1_3_4_5|1_4_5_3|3_5_4_1|3_5_1_4|3_1_4_5|5_1_4_3|4_3_1_5|1_3_4_5|4_1_3_5|1_4_3_5|4_1_3_5,4_5_4_3|5_1_3_5|5_4_1_4|3_5_3_5|1_1_1_1|5_4_1_3|3_3_5_5|3_1_3_5|1_3_5_1|5_1_3_4|4_1_4_5|4_4_1_2|3_5_1_3|5_5_4_5|5_5_4_5|5_3_4_5|5_5_4_5|4_5_1_5|4_3_5_5|4_4_5_5|4_1_3_5,434914,4_3_1_5_2,26080,5,5_1_3_4_2|3_1_5_2_4|4_2_3_5_1|1_3_5_2_4|3_1_2_4_5,1_5_3_4_2|3_1_3_1_4|4_2_3_1_1|1_5_3_1_4|3_1_2_4_5,136061,normal
3120,White,4_3,4834,1,4_3,4_3,3729,3_5_4,10586,2,5_4_3|5_4_3,5_3_3|5_4_3,12016,3_4_5_2,9353,3,5_4_2_3|4_3_5_2|5_3_2_4,5_4_3_3|5_3_5_2|5_3_2_4,22359,4_5_3_2_1,9060,2,5_1_3_2_4|1_2_4_3_5,5_1_2_2_4|1_2_4_3_5,16612,normal
3123,Asian,5_2,9131,1,5_2,5_2,2990,5_2_1,2537,1,5_1_2,5_1_2,5915,4_5_2_1,4878,18,4_5_1_2|4_5_1_2|5_2_4_1|2_5_1_4|1_4_5_2|4_1_2_5|2_5_4_1|5_4_2_1|5_2_1_4|1_5_4_2|4_2_1_5|1_2_4_5|4_1_5_2|2_5_1_4|4_2_5_1|1_5_2_4|4_2_5_1|2_5_4_1,4_2_2_5|4_5_1_4|2_1_1_4|5_2_2_4|2_5_5_2|1_2_4_5|1_5_4_1|5_2_2_1|5_4_4_4|2_5_4_2|2_5_5_5|4_2_4_5|2_4_5_2|1_5_4_2|1_2_5_2|1_5_4_2|2_2_5_1|2_5_4_1,273804,2_4_1_3_5,11327,1,3_2_4_1_5,3_2_4_1_5,10316,normal
3125,Black,2_1,11673,1,2_1,2_1,5243,1_5_2,7418,1,1_5_2,1_5_2,6226,1_2_3_5,7319,7,5_1_2_3|2_3_1_5|2_1_3_5|5_1_3_2|1_5_2_3|5_1_3_2|3_1_2_5,5_1_2_4|1_5_2_5|1_1_5_5|3_1_3_2|1_3_5_5|3_1_2_2|3_1_2_5,157730,5_2_4_1_3,13951,4,2_1_3_5_4|3_4_2_1_5|3_1_2_4_5|1_4_3_2_5|4_1_2_3_5|1_2_4_3_5|5_4_3_1_2|4_1_5_2_3|1_5_2_4_3|3_1_5_4_2|3_2_1_5_4|3_5_4_1_2|1_3_5_4_2|1_3_4_2_5|1_4_5_3_2|1_4_3_5_2,3_3_2_5_4|2_2_2_1_3|3_4_4_5_5|3_4_3_2_5|3_3_3_3_5|3_3_3_4_5|5_2_2_2_2|1_1_2_2_3|1_5_4_4_3|3_4_5_4_2|3_1_1_5_4|3_5_4_2_2|2_2_5_4_2|3_3_2_2_5|1_3_5_3_2|1_4_3_5_2,107193,Incomplete
3128,White,5_1,10524,1,5_1,5_1,3489,1_5_2,4820,4,2_5_1|1_5_2|5_1_2|1_5_2,2_1_1|2_2_2|1_2_1|1_5_2,50176,1_3_2_5,7108,10,3_1_5_2|1_3_2_5|5_3_1_2|3_5_2_1|2_3_5_1|1_5_3_2|3_5_1_2|2_5_1_3|5_2_3_1|5_3_2_1,1_2_5_3|2_1_1_5|1_3_5_5|5_2_3_1|3_3_5_2|1_2_3_5|2_5_2_3|2_5_3_3|5_3_3_1|5_3_2_1,173405,1_3_4_2_5,10565,7,1_5_2_3_4|3_4_1_2_5|1_5_3_4_2|3_1_5_2_4|1_4_5_2_3|5_4_2_1_3|1_2_5_4_3,3_5_3_3_4|3_4_2_1_5|3_5_2_4_2|3_2_4_3_4|3_4_5_3_3|5_4_3_3_3|1_2_5_4_3,89532,normal
3130,Black,5_4,4638,1,4_5,4_5,3838,4_5_3,4243,1,4_5_3,4_5_3,3960,5_2_3_4,4996,13,3_4_5_2|3_2_5_4|2_4_3_5|5_4_3_2|4_5_2_3|2_3_4_5|3_4_5_2|4_3_2_5|3_2_5_4|4_5_2_3|4_2_3_5|4_5_3_2|2_4_3_5,3_5_5_2|5_4_5_3|4_5_2_3|5_3_5_5|5_5_2_4|5_5_5_5|5_5_5_3|5_5_4_3|4_4_5_4|5_3_3_2|4_5_4_3|4_5_2_4|2_4_3_5,114301,2_1_4_3_5,6262,7,1_3_5_2_4|2_4_1_5_3|4_5_1_3_2|5_1_3_2_4|1_5_4_2_3|4_5_1_3_2|2_3_4_5_1,2_3_5_4_2|3_4_1_2_3|4_3_1_4_2|4_2_2_3_5|1_3_2_3_5|2_3_1_4_3|2_3_4_5_1,74383,normal
3131,Black,1_2,7484,1,2_1,2_1,3271,3_2_1,6487,1,2_3_1,2_3_1,3853,1_4_2_3,9668,10,3_2_4_1|4_1_3_2|2_3_4_1|4_2_3_1|2_3_1_4|3_2_4_1|3_1_4_2|4_1_3_2|4_2_1_3|3_1_2_4,2_2_1_1|3_1_3_2|4_1_4_2|2_1_3_4|2_4_1_4|2_2_1_1|3_2_4_2|3_2_3_2|1_2_4_4|3_1_2_4,131470,1_2_4_5_3,20412,3,4_5_2_3_1|3_1_4_2_5|1_3_2_5_4,1_5_2_3_4|4_4_3_5_5|1_3_2_5_4,38845,normal
3132,Black,,,,,,,,,,,,,,,,,,,,,,,,,
3133,Asian,2_5,11739,1,2_5,2_5,5648,2_3_5,9035,4,2_5_3|5_2_3|2_3_5|2_3_5,2_5_2|2_2_5|2_5_2|2_3_5,51646,1_3_2_5,11249,3,3_2_1_5|2_5_3_1|1_2_5_3,2_2_3_2|5_5_1_2|1_2_5_3,29063,1_3_4_5_2,9951,22,2_1_3_4_5|2_4_3_1_5|1_5_2_3_4|2_5_1_3_4|3_4_5_2_1|3_2_5_1_4|4_2_1_3_5|2_4_3_1_5|5_3_1_4_2|2_4_1_3_5|4_3_1_5_2|4_2_1_5_3|4_1_2_5_3|5_1_3_4_2|5_1_4_3_2|2_4_5_3_1|1_5_3_2_4|5_4_3_1_2|4_3_5_2_1|3_4_2_1_5|2_5_1_4_3|3_1_5_2_4,2_4_5_1_4|2_1_5_4_2|4_2_4_3_4|2_4_3_5_3|5_5_1_2_5|3_5_2_3_4|3_3_1_5_2|4_5_3_1_5|5_3_2_4_2|1_5_3_4_3|1_2_4_5_2|3_3_5_5_2|4_1_2_3_2|1_4_2_3_3|1_1_2_3_2|2_3_5_1_2|1_5_2_2_4|5_3_2_1_4|4_2_5_3_1|2_3_3_1_5|2_5_4_4_3|3_1_5_2_4,415295,normal
